Writer,Image
1000,a01-000u.png
1000,a01-003u.png
1000,a01-007u.png
1000,a01-011u.png
1000,a01-014u.png
1000,a01-020u.png
1000,a01-026u.png
1000,a01-030u.png
1000,a01-043u.png
1000,a01-049u.png
1000,a01-049x.png
1000,a01-053u.png
1000,a01-058u.png
1000,a01-063u.png
1000,a01-068u.png
1000,a01-072u.png
1000,a01-077u.png
1000,a01-082u.png
1000,a01-087u.png
1000,a01-091u.png
1000,a01-096u.png
1000,a01-102u.png
1000,a01-107u.png
1000,a01-113u.png
1000,a01-117u.png
1000,a01-122u.png
1000,a01-128u.png
1000,a01-132u.png
1000,a01-132x.png
1000,a03-050.png
1000,a03-071.png
1000,a03-073.png
1000,a03-080.png
1000,a03-089.png
1000,a05-000.png
1000,a05-013.png
1000,a05-017.png
1000,a05-022.png
1000,a05-025.png
1000,a05-029.png
1000,a05-039.png
1000,a05-044.png
1000,a05-048.png
1000,a05-053.png
1000,a05-058.png
1000,a05-062.png
1000,a05-069.png
1000,a05-073.png
1000,a05-080.png
1000,a05-084.png
1000,a05-089.png
1000,a05-094.png
1000,a05-099.png
1000,a05-104.png
1000,a05-108.png
1000,a05-113.png
1000,a05-116.png
1000,a05-121.png
1000,a05-125.png
1001,a01-000x.png
1001,a01-072x.png
1002,a01-003.png
1003,a01-003x.png
1003,a01-007x.png
1004,a01-007.png
1005,a01-011.png
1005,a01-030.png
1006,a01-011x.png
1007,a01-014.png
1007,a01-038.png
1008,a01-014x.png
1008,a01-026x.png
1009,a01-020.png
1009,a01-026.png
1010,a01-020x.png
1010,a01-030x.png
1011,a01-038x.png
1011,a01-043x.png
1012,a01-043.png
1012,a01-049.png
1013,a01-053.png
1013,a01-058.png
1013,a01-063.png
1014,a01-053x.png
1014,a01-058x.png
1015,a01-063x.png
1016,a01-077.png
1016,a01-091.png
1016,a01-102.png
1017,a01-087.png
1017,b01-057.png
1017,b01-062.png
1018,a01-107.png
1018,a01-113.png
1019,a01-117.png
1019,a01-122.png
1019,a01-128.png
1020,a01-132.png
1021,a02-000.png
1022,a02-004.png
1023,a02-008.png
1024,a02-012.png
1025,a02-017.png
1025,a02-020.png
1025,a02-024.png
1025,a02-027.png
1025,a02-032.png
1026,a02-037.png
1026,a02-042.png
1026,a02-090.png
1026,a02-093.png
1026,a02-098.png
1027,a02-046.png
1028,a02-050.png
1029,a02-053.png
1030,a02-057.png
1031,a02-062.png
1032,a02-067.png
1033,a02-072.png
1034,a02-078.png
1035,a02-082.png
1036,a02-086.png
1037,a02-102.png
1037,a02-106.png
1037,a02-111.png
1037,a02-124.png
1037,a03-047.png
1038,a02-116.png
1039,a02-120.png
1040,a03-006.png
1041,a03-009.png
1042,a03-011.png
1043,a03-014.png
1044,a03-017.png
1045,a03-020.png
1046,a03-023.png
1047,a03-027.png
1048,a03-030.png
1049,a03-034.png
1050,a03-037.png
1051,a03-040.png
1052,a03-043.png
1053,a03-054.png
1054,a03-059.png
1055,a03-063.png
1056,a03-066.png
1058,a04-000.png
1058,a04-003.png
1058,a04-006.png
1058,a04-010.png
1059,a04-015.png
1059,a04-019.png
1059,a04-023.png
1059,a04-027.png
1060,a04-031.png
1060,a04-035.png
1060,a04-039.png
1060,a04-043.png
1061,a04-047.png
1061,a04-050.png
1061,a04-054.png
1061,a04-059.png
1062,a04-066.png
1062,a04-069.png
1062,a04-072.png
1063,a04-081.png
1063,a04-085.png
1063,a04-089.png
1064,a04-092.png
1064,a04-096.png
1064,a04-099.png
1064,a04-103.png
1065,a05-004.png
1065,a05-009.png
1066,a06-000.png
1066,a06-004.png
1067,a06-008.png
1068,a06-014.png
1069,a06-020.png
1070,a06-025.png
1071,a06-036.png
1072,a06-039.png
1073,a06-044.png
1074,a06-051.png
1075,a06-057.png
1076,a06-064.png
1077,a06-070.png
1078,a06-075.png
1079,a06-090.png
1080,a06-095.png
1081,a06-100.png
1081,n02-146.png
1082,a06-110.png
1083,a06-114.png
1084,a06-119.png
1084,a06-128.png
1085,a06-124.png
1085,a06-134.png
1085,a06-141.png
1085,a06-147.png
1085,a06-157.png
1085,e07-000.png
1086,a06-152.png
1087,b01-000.png
1087,b01-004.png
1087,b01-009.png
1088,b01-014.png
1088,b01-018.png
1088,b01-023.png
1089,b01-027.png
1089,b01-033.png
1089,b01-038.png
1090,b01-044.png
1090,b01-049.png
1090,b01-053.png
1091,b01-073.png
1091,b01-079.png
1092,b01-084.png
1092,b01-089.png
1092,b01-094.png
1093,b01-113.png
1093,b01-118.png
1093,b01-122.png
1094,b01-127.png
1094,b01-132.png
1094,b01-136.png
1095,b02-013.png
1095,b02-035.png
1096,b02-045.png
1097,b02-097.png
1098,b02-102.png
1099,b02-105.png
1100,b03-025.png
1102,b03-087.png
1102,b03-092.png
1103,b03-098.png
1104,b03-104.png
1105,b03-109.png
1106,b03-114.png
1107,b04-000.png
1107,b04-004.png
1107,b04-010.png
1107,b04-020.png
1108,b04-026.png
1108,b04-034.png
1108,b04-040.png
1108,b04-047.png
1109,b04-054.png
1109,b04-060.png
1109,b04-066.png
1109,b04-075.png
1110,b04-081.png
1110,b04-089.png
1110,b04-096.png
1110,b04-103.png
1111,b04-107.png
1111,b04-116.png
1111,b04-121.png
1111,b04-128.png
1112,b04-134.png
1112,b04-140.png
1112,b04-147.png
1112,b04-154.png
1113,b04-162.png
1113,b04-169.png
1113,b04-175.png
1113,b04-181.png
1114,b04-187.png
1114,b04-195.png
1114,b04-202.png
1114,b04-208.png
1115,b05-017.png
1116,b05-032.png
1117,b05-038.png
1117,b05-042.png
1117,b05-045.png
1117,b05-050.png
1118,b05-055.png
1118,b05-058.png
1118,b05-062.png
1118,b05-067.png
1118,b05-071.png
1118,g05-098.png
1118,h05-012.png
1119,b05-074.png
1119,g05-094.png
1120,b05-079.png
1121,b05-083.png
1121,b05-098.png
1122,b05-088.png
1123,b06-000.png
1123,b06-023.png
1123,b06-097.png
1123,c06-039.png
1123,c06-100.png
1124,b06-004.png
1124,b06-049.png
1124,b06-075.png
1124,c06-111.png
1125,b06-008.png
1125,b06-056.png
1125,b06-093.png
1125,c06-005.png
1125,c06-020.png
1126,b06-012.png
1126,b06-036.png
1126,b06-110.png
1126,c06-052.png
1126,c06-087.png
1127,b06-015.png
1127,b06-053.png
1127,c06-106.png
1128,b06-019.png
1128,b06-071.png
1128,c06-027.png
1128,c06-076.png
1128,c06-128.png
1129,b06-027.png
1129,c06-014.png
1129,c06-103.png
1129,c06-138.png
1130,b06-032.png
1130,b06-059.png
1130,b06-079.png
1130,c06-000.png
1130,c06-031.png
1131,b06-042.png
1131,b06-068.png
1131,c06-058.png
1131,c06-095.png
1132,b06-045.png
1132,b06-082.png
1132,c06-047.png
1132,c06-091.png
1133,b06-064.png
1133,b06-100.png
1133,c06-043.png
1133,c06-080.png
1133,c06-116.png
1134,b06-087.png
1134,b06-090.png
1135,c01-009.png
1135,c01-014.png
1136,c01-066.png
1137,c02-000.png
1138,c02-003.png
1139,c02-007.png
1139,c02-017.png
1140,c02-012.png
1140,c02-022.png
1141,c02-026.png
1142,c02-030.png
1143,c02-035.png
1144,c02-049.png
1145,c02-056.png
1146,c02-059.png
1147,c02-078.png
1148,c02-082.png
1149,c02-089.png
1150,c03-000a.png
1150,c03-003a.png
1150,c03-007a.png
1150,c03-016a.png
1150,c03-021a.png
1150,c03-081a.png
1150,c03-084a.png
1150,c03-087a.png
1150,c03-094a.png
1150,c03-096a.png
1151,c03-000b.png
1151,c03-003b.png
1151,c03-007b.png
1151,c03-016b.png
1151,c03-021b.png
1151,c03-081b.png
1151,c03-084b.png
1151,c03-087b.png
1151,c03-094b.png
1151,c03-096b.png
1152,c03-000c.png
1152,c03-003c.png
1152,c03-007c.png
1152,c03-016c.png
1152,c03-021c.png
1152,c03-081c.png
1152,c03-084c.png
1152,c03-087c.png
1152,c03-094c.png
1152,c03-096c.png
1153,c03-000d.png
1153,c03-003d.png
1153,c03-007d.png
1153,c03-016d.png
1153,c03-021d.png
1153,c03-081d.png
1153,c03-084d.png
1153,c03-087d.png
1153,c03-094d.png
1153,c03-096d.png
1154,c03-000e.png
1154,c03-003e.png
1154,c03-007e.png
1154,c03-016e.png
1154,c03-021e.png
1154,c03-081e.png
1154,c03-084e.png
1154,c03-087e.png
1154,c03-094e.png
1154,c03-096e.png
1155,c03-000f.png
1155,c03-003f.png
1155,c03-007f.png
1155,c03-021f.png
1155,c03-081f.png
1155,c03-084f.png
1155,c03-087f.png
1155,c03-094f.png
1155,c03-096f.png
1156,c03-007.png
1157,c04-000.png
1157,c04-004.png
1158,c04-008.png
1158,c04-013.png
1158,e04-000.png
1159,c04-017.png
1159,c04-035.png
1160,c04-023.png
1160,c04-028.png
1161,c04-039.png
1161,c04-044.png
1162,c04-050.png
1162,c04-056.png
1163,c04-061.png
1163,c04-066.png
1164,c04-075.png
1164,c04-122.png
1165,c04-080.png
1165,c04-128.png
1166,c04-089.png
1166,c04-098.png
1167,c04-105.png
1168,c04-110.png
1168,c04-116.png
1169,c04-134.png
1169,c04-139.png
1170,c04-144.png
1170,c04-150.png
1171,c04-156.png
1171,c04-160.png
1172,c04-165.png
1172,c04-170.png
1173,c06-011.png
1173,d06-008.png
1173,d06-020.png
1173,d06-046.png
1173,d06-063.png
1174,c06-083.png
1174,d06-015.png
1174,d06-030.png
1174,d06-050.png
1174,d06-082.png
1175,d01-016.png
1175,d01-019.png
1176,d01-024.png
1177,d01-049.png
1177,d01-052.png
1178,d01-056.png
1178,d01-060.png
1179,d01-080.png
1179,d01-085.png
1180,d01-098.png
1180,d01-104.png
1181,d01-118.png
1181,d01-123.png
1181,e01-055.png
1182,d03-112.png
1183,d03-117.png
1184,d04-005.png
1184,d04-008.png
1185,d04-012.png
1185,d04-016.png
1186,d04-021.png
1186,d04-028.png
1187,d04-032.png
1187,d04-037.png
1188,d04-047.png
1188,d04-053.png
1189,d04-050.png
1190,d04-058.png
1190,d04-062.png
1191,d04-066.png
1192,d04-071.png
1192,d04-075.png
1193,d04-081.png
1193,f04-093.png
1193,f04-096.png
1193,f04-100.png
1194,d04-086.png
1194,d04-089.png
1195,d04-096.png
1195,d04-101.png
1196,d04-111.png
1197,d04-117.png
1197,d04-121.png
1198,d04-125.png
1198,d04-131.png
1199,d05-008.png
1199,d05-021.png
1199,d05-025.png
1199,d05-030.png
1200,d05-013.png
1201,d05-040.png
1202,d06-000.png
1202,d06-091.png
1202,e06-006.png
1202,e06-037.png
1202,e06-041.png
1203,d06-003.png
1203,d06-076.png
1203,d06-111.png
1203,e06-010.png
1203,e06-046.png
1204,d06-011.png
1204,d06-107.png
1204,e06-003.png
1204,e06-015.png
1204,e06-030.png
1205,d06-025.png
1205,d06-067.png
1205,d06-104.png
1205,e06-026.png
1205,e06-049.png
1206,d06-027.png
1206,d06-056.png
1206,d06-096.png
1206,e06-000.png
1206,e06-021.png
1207,d06-037.png
1207,d06-072.png
1207,d06-100.png
1207,e06-033.png
1207,e06-070.png
1208,d06-041.png
1208,d06-060.png
1208,d06-086.png
1208,d06-113.png
1208,e06-053.png
1209,d07-082.png
1209,d07-085.png
1209,d07-089.png
1209,d07-093.png
1209,d07-096.png
1209,d07-100.png
1209,d07-102.png
1210,e01-014.png
1210,e01-018.png
1211,e01-022.png
1211,e01-025.png
1212,e01-029.png
1212,e01-032.png
1212,e01-035.png
1213,e01-050.png
1213,e01-059.png
1213,e01-062.png
1214,e01-081.png
1214,e01-086.png
1215,e01-092.png
1215,e01-102.png
1216,e01-107.png
1216,e01-113.png
1217,e01-119.png
1217,f01-139.png
1217,g01-000.png
1218,e02-000.png
1219,e02-014.png
1220,e02-018.png
1221,e02-021.png
1222,e02-025.png
1223,e02-074.png
1224,e02-082.png
1225,e02-086.png
1226,e02-091.png
1227,e02-094.png
1228,e02-100.png
1229,e02-117.png
1230,e04-004.png
1230,e04-008.png
1231,e04-011.png
1231,e04-015.png
1232,e04-019.png
1232,e04-022.png
1233,e04-026.png
1233,e04-030.png
1234,e04-034.png
1234,e04-038.png
1235,e04-043.png
1235,e04-052.png
1236,e04-058.png
1237,e04-062.png
1237,e04-068.png
1238,e04-079.png
1239,e04-083.png
1239,g04-003.png
1239,h04-000.png
1239,k04-017.png
1240,e04-086.png
1240,k04-022.png
1241,e04-091.png
1241,e04-095.png
1241,e04-099.png
1241,e04-132.png
1242,e04-103.png
1242,e04-109.png
1242,e04-114.png
1243,e04-119.png
1243,e04-124.png
1243,e04-127.png
1244,e07-003.png
1245,e07-007.png
1246,e07-012.png
1246,e07-061.png
1246,e07-066.png
1246,e07-072.png
1247,e07-076.png
1247,e07-079.png
1247,e07-083.png
1247,e07-086.png
1247,e07-090.png
1248,e07-094.png
1248,e07-098.png
1248,e07-101.png
1248,e07-105.png
1248,e07-108.png
1249,e07-112.png
1250,f01-053.png
1250,f01-058.png
1251,f01-066.png
1252,f01-070.png
1253,f01-075.png
1254,f01-081.png
1254,f01-085.png
1255,f01-135.png
1256,f01-143.png
1256,f01-147.png
1257,f02-000.png
1258,f02-003.png
1259,f02-017.png
1259,f02-033.png
1260,f02-020.png
1261,f02-030.png
1262,f02-036.png
1263,f02-038.png
1264,f02-040.png
1265,f02-044.png
1266,f02-076.png
1267,f03-169.png
1268,f03-174.png
1269,f03-182.png
1270,f03-191.png
1272,f04-004.png
1272,f04-011.png
1272,f04-016.png
1273,f04-007.png
1273,g04-007.png
1273,g04-011.png
1273,g04-014.png
1273,g04-095.png
1274,f04-020.png
1274,g04-017.png
1274,g04-026.png
1274,g04-032.png
1274,h04-025.png
1275,f04-024.png
1275,f04-028.png
1276,f04-032.png
1276,f04-035.png
1277,f04-039.png
1277,f04-043.png
1278,f04-046.png
1278,f04-049.png
1279,f04-053.png
1279,f04-057.png
1280,f04-061.png
1280,f04-064.png
1281,f04-068.png
1281,f04-071.png
1282,f04-074.png
1282,f04-079.png
1283,f04-083.png
1283,f04-087.png
1285,f07-000.png
1285,f07-039a.png
1285,f07-042a.png
1285,f07-046a.png
1285,g07-079a.png
1286,f07-000b.png
1286,f07-002.png
1286,f07-006.png
1286,f07-009.png
1287,f07-013.png
1287,f07-016.png
1287,f07-019b.png
1287,f07-021b.png
1287,f07-024b.png
1288,f07-019a.png
1288,f07-021a.png
1288,f07-024a.png
1288,f07-028a.png
1288,f07-032a.png
1289,f07-028b.png
1289,f07-032b.png
1289,f07-036.png
1289,f07-039b.png
1289,f07-042b.png
1290,f07-046b.png
1291,f07-069.png
1291,f07-073.png
1291,f07-081b.png
1291,f07-084b.png
1292,f07-076a.png
1292,f07-081a.png
1292,f07-084a.png
1292,f07-088a.png
1292,f07-092a.png
1293,f07-088b.png
1293,f07-092b.png
1293,f07-096.png
1293,f07-101b.png
1293,g07-000b.png
1294,f07-101a.png
1294,g07-000a.png
1294,g07-003a.png
1294,g07-007a.png
1295,g01-004.png
1295,g01-008.png
1296,g01-012.png
1296,g01-016.png
1296,g01-019.png
1297,g01-022.png
1297,g01-025.png
1297,g01-027.png
1298,g01-031.png
1298,g01-034.png
1298,g01-037.png
1299,g01-039.png
1299,g01-043.png
1299,g01-045.png
1300,g01-067.png
1300,g01-070.png
1300,g01-074.png
1301,g01-083.png
1301,h01-004.png
1302,g01-088.png
1303,g02-059.png
1304,g02-062.png
1305,g02-065.png
1307,g02-073.png
1308,g03-000.png
1309,g03-004.png
1310,g03-016.png
1312,g03-032.png
1313,g03-040.png
1314,g03-043.png
1315,g03-049.png
1315,n02-104.png
1315,n02-109.png
1315,n02-114.png
1315,n02-120.png
1315,n02-127.png
1315,r03-053.png
1316,g03-052.png
1317,g03-058.png
1318,g03-064.png
1319,g04-022.png
1320,g04-036.png
1320,g04-039.png
1321,g04-043.png
1321,g04-048.png
1322,g04-052.png
1323,g04-055.png
1324,g04-060.png
1324,g04-063.png
1325,g04-068.png
1325,g04-072.png
1326,g04-077.png
1327,g04-081.png
1328,g04-088.png
1328,g04-092.png
1329,g04-098.png
1329,g04-101.png
1330,g04-104.png
1330,g04-108.png
1330,h04-007.png
1330,h04-021.png
1331,g05-087.png
1332,g06-011a.png
1332,g06-018a.png
1332,g06-026a.png
1332,g06-031a.png
1332,g06-042a.png
1332,g06-045a.png
1332,g06-047a.png
1332,g06-050a.png
1333,g06-011b.png
1333,g06-018b.png
1333,g06-026b.png
1333,g06-031b.png
1333,g06-037b.png
1333,g06-042b.png
1333,g06-045b.png
1333,g06-047b.png
1333,g06-050b.png
1334,g06-011c.png
1334,g06-018c.png
1334,g06-026c.png
1334,g06-031c.png
1334,g06-037c.png
1334,g06-042c.png
1334,g06-045c.png
1334,g06-047c.png
1334,g06-050c.png
1335,g06-018d.png
1335,g06-026d.png
1335,g06-031d.png
1335,g06-037d.png
1335,g06-042d.png
1335,g06-045d.png
1335,g06-047d.png
1335,g06-050d.png
1336,g06-011e.png
1336,g06-018e.png
1336,g06-026e.png
1336,g06-031e.png
1336,g06-037e.png
1336,g06-042e.png
1336,g06-045e.png
1336,g06-047e.png
1336,g06-050e.png
1337,g06-011f.png
1337,g06-018f.png
1337,g06-026f.png
1337,g06-031f.png
1337,g06-037f.png
1337,g06-042f.png
1337,g06-045f.png
1337,g06-047f.png
1337,g06-050f.png
1338,g06-011g.png
1338,g06-018g.png
1338,g06-026g.png
1338,g06-031g.png
1338,g06-037g.png
1338,g06-042g.png
1338,g06-045g.png
1338,g06-047g.png
1338,g06-050g.png
1339,g06-011h.png
1339,g06-018h.png
1339,g06-026h.png
1339,g06-031h.png
1339,g06-037h.png
1339,g06-042h.png
1339,g06-045h.png
1339,g06-047h.png
1339,g06-050h.png
1340,g06-011i.png
1340,g06-018i.png
1340,g06-026i.png
1340,g06-031i.png
1340,g06-037i.png
1340,g06-042i.png
1340,g06-045i.png
1340,g06-047i.png
1340,g06-050i.png
1341,g06-011j.png
1341,g06-018j.png
1341,g06-026j.png
1341,g06-031j.png
1341,g06-037j.png
1341,g06-042j.png
1341,g06-045j.png
1341,g06-047j.png
1341,g06-050j.png
1342,g06-011k.png
1342,g06-018k.png
1342,g06-026k.png
1342,g06-031k.png
1342,g06-037k.png
1342,g06-042k.png
1342,g06-045k.png
1342,g06-047k.png
1342,g06-050k.png
1343,g06-011l.png
1343,g06-018l.png
1343,g06-026l.png
1343,g06-031l.png
1343,g06-037l.png
1343,g06-042l.png
1343,g06-045l.png
1343,g06-047l.png
1343,g06-050l.png
1344,g06-011m.png
1344,g06-018m.png
1344,g06-026m.png
1344,g06-031m.png
1344,g06-037m.png
1344,g06-042m.png
1344,g06-045m.png
1344,g06-047m.png
1344,g06-050m.png
1345,g06-011n.png
1345,g06-018n.png
1345,g06-026n.png
1345,g06-031n.png
1345,g06-037n.png
1345,g06-042n.png
1345,g06-045n.png
1345,g06-047n.png
1345,g06-050n.png
1346,g06-011o.png
1346,g06-018o.png
1346,g06-026o.png
1346,g06-031o.png
1346,g06-037o.png
1346,g06-042o.png
1346,g06-045o.png
1346,g06-047o.png
1346,g06-050o.png
1347,g06-011p.png
1347,g06-018p.png
1347,g06-026p.png
1347,g06-031p.png
1347,g06-037p.png
1347,g06-042p.png
1347,g06-045p.png
1347,g06-047p.png
1347,g06-050p.png
1348,g06-011r.png
1348,g06-018r.png
1348,g06-026r.png
1348,g06-031r.png
1348,g06-037r.png
1348,g06-042r.png
1348,g06-045r.png
1348,g06-047r.png
1348,g06-050r.png
1349,g06-089.png
1349,g06-093.png
1349,g06-096.png
1349,g06-101.png
1349,g06-105.png
1349,g06-109.png
1349,g06-115.png
1349,h06-000.png
1349,h06-003.png
1350,g07-003b.png
1350,g07-007b.png
1350,g07-010b.png
1350,g07-014b.png
1351,g07-014.png
1351,g07-018a.png
1351,g07-022a.png
1351,g07-026a.png
1351,g07-028a.png
1352,g07-022b.png
1352,g07-026b.png
1352,g07-028b.png
1352,g07-030.png
1352,g07-034.png
1353,g07-038.png
1353,g07-042.png
1353,g07-044.png
1353,g07-047.png
1353,g07-050.png
1354,g07-065.png
1354,g07-069a.png
1354,g07-071a.png
1354,g07-074a.png
1354,g07-077a.png
1355,g07-084.png
1355,h07-000.png
1355,h07-003.png
1355,h07-007.png
1355,h07-011.png
1356,h01-000.png
1356,h01-007.png
1357,h01-010.png
1357,h01-014.png
1357,h01-018.png
1359,h01-024.png
1360,h01-027.png
1361,h01-030.png
1362,h02-004.png
1363,h02-008.png
1364,h02-012.png
1364,m01-100.png
1365,h02-017.png
1366,h02-019.png
1367,h02-022.png
1368,h02-024.png
1369,h02-028.png
1370,h02-035.png
1371,h02-037.png
1372,h02-040.png
1373,h02-043.png
1375,h02-049.png
1376,h04-028.png
1377,h04-035.png
1378,h04-049.png
1379,h04-052.png
1379,h04-055.png
1380,h04-057.png
1380,h04-061.png
1382,h04-071.png
1382,h04-074.png
1383,h04-078.png
1383,h04-082.png
1384,h06-079.png
1384,h06-082.png
1384,h06-085.png
1384,h06-089.png
1384,h06-092.png
1384,h06-096.png
1384,j06-000.png
1384,j06-005.png
1384,j06-008.png
1384,j06-014.png
1385,h07-013.png
1385,h07-017.png
1385,h07-020.png
1385,h07-023.png
1385,h07-025a.png
1386,h07-025.png
1386,h07-028.png
1386,h07-030.png
1386,h07-033.png
1386,h07-037.png
1387,h07-028a.png
1387,h07-030a.png
1387,h07-033a.png
1387,h07-037a.png
1387,h07-040b.png
1388,h07-040.png
1388,h07-044a.png
1388,h07-051b.png
1389,h07-054a.png
1389,h07-057a.png
1389,h07-060a.png
1389,h07-063a.png
1389,h07-066a.png
1390,h07-060b.png
1390,h07-063b.png
1390,h07-066b.png
1390,h07-069a.png
1390,h07-071a.png
1391,h07-069.png
1391,h07-071.png
1391,h07-075.png
1391,h07-078.png
1391,h07-080.png
1392,h07-075a.png
1392,h07-078a.png
1392,h07-080a.png
1392,h07-084.png
1393,h07-087.png
1393,j07-000.png
1393,j07-009.png
1393,j07-012.png
1393,j07-015.png
1394,j01-042.png
1394,j01-045.png
1395,j01-049.png
1396,j01-059.png
1397,j01-063.png
1398,j01-066.png
1399,j01-070.png
1400,j04-008.png
1401,j04-012.png
1402,j04-015.png
1403,j04-019.png
1403,j04-024.png
1404,j04-039.png
1405,j04-035.png
1405,j04-046.png
1406,k04-005.png
1407,j04-053.png
1408,j04-061.png
1408,j04-065.png
1409,j04-070.png
1409,j04-076.png
1410,j04-080.png
1411,j04-094.png
1412,j04-098.png
1413,j04-103.png
1414,j04-111.png
1414,j04-115.png
1415,j06-018.png
1415,j06-022.png
1415,j06-026.png
1415,j06-030.png
1415,j06-034.png
1415,j06-051.png
1415,j06-056.png
1416,j07-005.png
1417,k01-051.png
1418,k02-018.png
1419,k02-023.png
1420,k02-029.png
1420,k03-180.png
1421,k02-036.png
1422,k02-053.png
1423,k02-062.png
1424,k02-067.png
1425,k02-076.png
1426,k02-093.png
1427,k02-097.png
1428,k02-102.png
1429,k02-112.png
1430,k02-117.png
1431,k03-117.png
1432,k03-138.png
1433,k03-144.png
1434,k03-152.png
1435,k03-157.png
1436,k03-164.png
1439,k04-000.png
1439,k04-039.png
1440,k04-010.png
1441,k04-014.png
1442,k04-028.png
1442,k04-033.png
1443,k04-050.png
1443,k04-054.png
1444,k04-057.png
1444,k04-061.png
1445,k04-064.png
1445,k04-068.png
1446,k04-075.png
1446,k04-079.png
1447,k04-085.png
1447,k04-093.png
1448,k04-099.png
1448,k04-103.png
1449,k04-106.png
1449,k04-119.png
1450,k04-110.png
1450,k04-115.png
1451,k04-126.png
1451,k04-136.png
1452,k04-142.png
1452,k04-149.png
1453,k04-156.png
1453,k04-163.png
1454,k07-059a.png
1454,k07-063a.png
1454,k07-067a.png
1454,k07-077.png
1454,k07-085.png
1455,k07-122.png
1455,k07-125.png
1455,k07-134.png
1455,k07-141.png
1455,k07-146.png
1456,k07-152.png
1456,k07-158.png
1456,k07-166.png
1456,k07-176.png
1456,k07-185.png
1457,l01-000.png
1458,l01-007.png
1458,l01-016.png
1458,l01-023.png
1459,l01-030.png
1460,l01-050.png
1461,l01-065.png
1462,l01-082.png
1463,l01-095.png
1464,l01-105.png
1465,l01-111.png
1466,l01-119.png
1467,l01-129.png
1468,l01-133.png
1469,l01-143.png
1470,l01-157.png
1471,l01-173.png
1472,l01-179.png
1473,l01-187.png
1474,l01-195.png
1475,l01-199.png
1476,l03-000.png
1477,l03-004.png
1478,l03-008.png
1479,l04-000.png
1480,l04-005.png
1480,l04-012.png
1481,l04-020.png
1481,l04-026.png
1482,l04-034.png
1482,l04-043.png
1483,l04-052.png
1483,l04-062.png
1484,l04-066.png
1484,l04-071.png
1485,l04-082.png
1486,l04-087.png
1486,l04-093.png
1487,l04-098.png
1487,l04-102.png
1488,l04-106.png
1488,l04-113.png
1489,l04-118.png
1489,l04-124.png
1490,l04-130.png
1490,l04-136.png
1491,l04-141.png
1491,l04-147.png
1492,l04-153.png
1492,l04-159.png
1493,l04-163.png
1493,l04-170.png
1494,l04-174.png
1494,l04-179.png
1495,l07-052.png
1495,l07-065.png
1495,l07-074.png
1496,l07-080.png
1496,l07-085.png
1496,l07-103.png
1496,l07-111.png
1497,l07-118.png
1497,l07-131.png
1497,l07-135.png
1497,l07-138.png
1498,l07-172.png
1498,l07-176.png
1498,l07-181.png
1498,l07-187.png
1498,l07-190.png
1499,m01-000.png
1500,m01-012.png
1501,m01-017.png
1502,m01-022.png
1503,m01-026.png
1504,m01-032.png
1505,m01-038.png
1506,m01-049.png
1508,m01-060.png
1509,m01-079.png
1510,m01-084.png
1511,m01-090.png
1512,m01-095.png
1513,m01-104.png
1513,m01-121.png
1514,m01-110.png
1514,m01-131.png
1515,m01-115.png
1516,m01-125.png
1517,m01-136.png
1518,m01-149.png
1519,m01-160.png
1520,m02-048.png
1521,m02-052.png
1522,m02-055.png
1523,m02-059.png
1524,m02-066.png
1525,m02-069.png
1526,m02-072.png
1527,m02-075.png
1527,m02-106.png
1528,m02-080.png
1529,m02-083.png
1530,m02-087.png
1531,m02-090.png
1532,m02-095.png
1533,m02-102.png
1534,m02-109.png
1535,m02-112.png
1536,m03-006.png
1537,m03-013.png
1538,m03-020.png
1539,m03-033.png
1540,m03-062.png
1541,m03-095.png
1542,m03-110.png
1542,m03-114.png
1543,m03-118.png
1544,m04-000.png
1544,m04-007.png
1544,m04-012.png
1544,m04-019.png
1544,m04-024.png
1545,m04-030.png
1545,m04-038.png
1545,m04-043.png
1545,m04-061.png
1546,m04-072.png
1546,m04-078.png
1546,m04-081.png
1546,m04-093.png
1546,m04-100.png
1547,m04-107.png
1547,m04-113.png
1547,m04-123.png
1547,m04-131.png
1547,m04-138.png
1548,m04-145.png
1548,m04-152.png
1548,m04-164.png
1548,m04-180.png
1548,m04-251.png
1549,m04-190.png
1549,m04-200.png
1549,m04-209.png
1549,m04-216.png
1549,m04-222.png
1550,m04-231.png
1550,m04-238.png
1550,m04-246.png
1550,n04-000.png
1550,n04-009.png
1551,m06-019.png
1551,n06-148.png
1551,n06-156.png
1551,n06-163.png
1551,n06-169.png
1551,n06-175.png
1551,n06-182.png
1551,n06-186.png
1551,n06-194.png
1551,n06-201.png
1552,m06-031.png
1552,m06-042.png
1552,m06-048.png
1552,m06-056.png
1552,m06-067.png
1552,m06-076.png
1552,m06-083.png
1552,m06-091.png
1552,m06-098.png
1552,m06-106.png
1553,n01-000.png
1553,n01-009.png
1554,n01-004.png
1555,n01-020.png
1555,n01-031.png
1555,n01-045.png
1556,n01-036.png
1557,n01-052.png
1558,n01-057.png
1559,n02-000.png
1559,n02-016.png
1560,n02-004.png
1560,n02-009.png
1561,n02-028.png
1561,n02-049.png
1562,n02-033.png
1562,n02-037.png
1563,n02-040.png
1563,n02-045.png
1564,n02-054.png
1565,n02-062.png
1566,n02-082a.png
1567,n02-098.png
1567,p03-057.png
1567,p03-087.png
1567,p03-096.png
1567,p03-103.png
1567,p03-112.png
1568,n02-151.png
1569,n02-154.png
1570,n02-157.png
1571,n03-038.png
1572,n03-064.png
1573,n03-066.png
1574,n03-079.png
1575,n03-082.png
1576,n03-091.png
1577,n03-097.png
1577,n03-103.png
1578,n03-106.png
1579,n03-113.png
1580,n03-120.png
1581,n03-126.png
1582,n04-015.png
1582,n04-022.png
1582,n04-031.png
1582,n04-039.png
1582,n04-044.png
1583,n04-048.png
1583,n04-052.png
1583,n04-060.png
1583,n04-068.png
1583,n04-075.png
1584,n04-084.png
1584,n04-092.png
1584,n04-100.png
1584,n04-107.png
1584,n04-114.png
1585,n04-130.png
1585,n04-139.png
1585,n04-149.png
1585,n04-156.png
1585,n04-163.png
1586,n04-171.png
1586,n04-183.png
1586,n04-190.png
1586,n04-195.png
1587,n04-202.png
1587,n04-209.png
1587,n04-213.png
1587,n04-218.png
1588,n06-074.png
1588,n06-082.png
1588,n06-092.png
1588,n06-100.png
1588,n06-111.png
1588,n06-119.png
1588,n06-123.png
1588,n06-128.png
1588,n06-133.png
1588,n06-140.png
1589,p01-147.png
1590,p01-155.png
1591,p01-168.png
1592,p01-174.png
1593,p02-000.png
1594,p02-008.png
1595,p02-017.png
1596,p02-022.png
1597,p02-027.png
1598,p02-069.png
1598,p02-090.png
1599,p02-076.png
1599,p02-081.png
1600,p02-101.png
1601,p02-105.png
1602,p02-109.png
1603,p02-115.png
1604,p02-121.png
1605,p02-127.png
1606,p02-131.png
1607,p02-135.png
1608,p02-139.png
1609,p02-144.png
1610,p02-150.png
1611,p02-155.png
1612,p03-004.png
1613,p03-009.png
1614,p03-012.png
1615,p03-023.png
1616,p03-027.png
1617,p03-029.png
1618,p03-033.png
1619,p03-040.png
1620,p03-047.png
1621,p03-069.png
1622,p03-072.png
1623,p03-080.png
1624,p03-121.png
1625,p03-135.png
1626,p03-142.png
1627,p03-151.png
1628,p03-158.png
1629,p03-163.png
1630,p03-173.png
1631,p03-181.png
1632,p03-185.png
1633,p03-189.png
1634,p06-030.png
1634,p06-042.png
1634,p06-047.png
1634,p06-052.png
1634,p06-058.png
1634,p06-069.png
1634,p06-088.png
1634,p06-096.png
1634,p06-104.png
1635,p06-242.png
1635,p06-248.png
1635,r06-000.png
1635,r06-003.png
1635,r06-007.png
1635,r06-011.png
1635,r06-018.png
1635,r06-022.png
1635,r06-027.png
1635,r06-143.png
1636,r02-000.png
1637,r02-003.png
1638,r02-006.png
1639,r02-010.png
1640,r02-013.png
1641,r02-038.png
1642,r02-054.png
1643,r02-060.png
1644,r02-065.png
1645,r02-070.png
1647,r02-078.png
1648,r02-081.png
1649,r02-089.png
1650,r02-109.png
1651,r02-117.png
1652,r02-127.png
1653,r02-131.png
1654,r02-137.png
1655,r02-146.png
1658,r03-002.png
1658,r03-007.png
1659,r03-026.png
1660,r03-030.png
1661,r03-035.png
1662,r03-050.png
1663,r03-056.png
1664,r03-065.png
1665,r03-084.png
1666,r03-090.png
1667,r03-096.png
1668,r03-110.png
1669,r03-115.png
1670,r06-035.png
1670,r06-041.png
1670,r06-044.png
1670,r06-049.png
1670,r06-053.png
1670,r06-057.png
1670,r06-062.png
1670,r06-066.png
1670,r06-070.png
1670,r06-076.png
1671,r06-090.png
1671,r06-097.png
1671,r06-103.png
1671,r06-106.png
1671,r06-111.png
1671,r06-115.png
1671,r06-121.png
1671,r06-126.png
1671,r06-130.png
1671,r06-137.png
